{"base_spec":"/pa/units/air/base_flyer/base_flyer.json",
"display_name":"Squall",
"description":"!LOC:Missile and Torpedo Drone - Fast,
 fragile,
 attacks land,
 sea and air.",
"max_health":40,
"build_metal_cost":90,
"guard_radius":250,
"passive_health_regen":-3,
"nearby_target_tick_update_interval":3,
"unit_types":["UNITTYPE_Mobile",
"UNITTYPE_Air",
"UNITTYPE_Basic"],
"command_caps":[],
"guard_layer":"WL_AnyLayer",
"navigation":{"type":"air",
"acceleration":80,
"brake":30,
"move_speed":80,
"turn_speed":240,
"aggressive_behavior":"circle",
"aggressive_distance":100.0,
"aggressive_height":100.0,
"bank_factor":10,
"vertical_speed":200},
"physics":{"radius":6,
"gravity_scalar":1},
"recon":{"observer":{"items":[{"layer":"surface_and_air",
"channel":"sight",
"shape":"capsule",
"radius":150},
{"layer":"underwater",
"channel":"sight",
"shape":"capsule",
"radius":150}]}},
"model":{"filename":"/pa/units/sea/drone_carrier/drone/drone.papa",
"animations":{"deploy":"/pa/units/sea/drone_carrier/drone/drone_anim_deploy.papa",
"idle":"/pa/units/sea/drone_carrier/drone/drone_anim_idle.papa"},
"animtree":"/pa/anim/anim_trees/drone_anim_tree.json"},
"tools":[{"spec_id":"/pa/units/land/tank_drone/drone_land/drone_land_tool_torpedo.json",
"aim_bone":"bone_root",
"record_index":1},
{"spec_id":"/pa/units/land/tank_drone/drone_land/drone_land_tool_weapon.json",
"aim_bone":"bone_root",
"record_index":0}],
"events":{"build_complete":{"audio_cue":"/SE/Build_Complete/air"},
"fired":{"audio_cue":"/SE/Weapons/air/carrier_drone_fire"},
"died":{"audio_cue":"/SE/Death/Air",
"effect_spec":"/pa/units/air/base_flyer/base_flyer_death.pfx",
"effect_scale":0.4}},
"audio":{"loops":{"move":{"cue":"/SE/Movement/air/carrier_drone_loop",
"flag":"vel_changed",
"should_start_func":"is_moving",
"should_stop_func":"is_not_moving"}},
"selection_response":{"cue":"/SE/Selection/air/air"}},
"fx_offsets":[{"type":"moving_forward",
"filename":"/pa/units/sea/drone_carrier/drone/drone_jets.pfx",
"offset":[0,
0.727,
0.42]}],
"selection_icon":{"diameter":11.0},
"TEMP_texelinfo":5.39039,
"mesh_bounds":[4,
4,
2]}