{"base_spec":"/pa/ammo/base_missiles/base_missile_tactical.json",
"display_name":"!LOC:Gil F Missile",
"damage":9000,
"splash_damage":0,
"splash_radius":0,
"cruise_height":7,
"initial_velocity":2000.0,
"max_velocity":400.0,
"turn_rate":9000,
"lifetime":3,
"max_health":1,
"influence_radius":400,
"effect_spec":"/pa/effects/specs/orbital_railgun_beam.pfx",
"events":{"died":{"audio_cue":"/SE/Impacts/shell_bullet",
"effect_spec":"/pa/effects/specs/default_proj_explosion.pfx",
"effect_scale":3.0}},
"fx_trail":{"filename":"/pa/units/land/bot_sniper_big/shell_artillery_blue_large_proj_trail.pfx",
"offset":[0.0,
1.0,
0.0]},
"audio_loop":"/SE/Movement/missile/bot_tactical_missile_fly_loop",
"physics":{"radius":1,
"gravity_scalar":5,
"ignore_gravity":true,
"add_to_spatial_db":true},
"flight_type":"Staged",
"stages":[{"ignores_gravity":true,
"ignores_LOS":true,
"stage_duration":2,
"stage_turn_rate":0,
"rotates_to_velocity":true},
{"ignores_gravity":true,
"ignores_LOS":true,
"stage_duration":0,
"stage_turn_rate":9000,
"stage_change_range":5000,
"rotates_to_velocity":true},
{"ignores_gravity":false,
"ignores_LOS":false,
"stage_duration":0,
"stage_turn_rate":9000,
"rotates_to_velocity":true}]}