{"base_spec":"/pa/ammo/base_bullet/base_bullet.json",
"damage":40,
"splash_damage":30,
"splash_radius":5,
"initial_velocity":650.0,
"max_velocity":800.0,
"lifetime":10,
"physics":{"radius":1,"gravity_scalar":0.001,"add_to_spatial_db":false,"allow_underground":false},
"fx_trail":{"filename":"/pa/units/air/binho/laser_defense_adv_ammo_trail.pfx"},
"events":{"died":{"audio_cue":"/SE/Impacts/missile_artillery_short","effect_spec":"/pa/units/air/binho/defense_satellite_ammo_ground_beam_hit.pfx"}}}
