{"base_spec":"/pa/ammo/base_missiles/base_missile_tactical.json",
"display_name":"!LOC:Bluehawk Tactical Missile",
"damage":1,
"splash_damage":0,
"splash_radius":0,
"cruise_height":10,
"initial_velocity":300.0,
"max_velocity":300.0,
"turn_rate":3600,
"lifetime":15,
"max_health":1,
"influence_radius":400,
"spawn_unit_on_death":"/pa/units/land/bot_tesla_tped/bot_tesla_tped.json",
"fx_trail":{"filename":"/pa/units/land/bot_tp/bot_tp_ammo_blue_proj_trail.pfx",
"offset":[0.0,
1.0,
0.0]},
"events":{"died":{"audio_cue":"/SE/Impacts/missile_tactical",
"effect_spec":"/pa/effects/specs/default_proj_area_explosion.pfx"}},
"audio_loop":"/SE/Movement/missile/bot_tactical_missile_fly_loop",
"physics":{"radius":1,
"gravity_scalar":5,
"ignore_gravity":true,
"add_to_spatial_db":true},
"armor_damage_map":{"AT_Orbital":0.5},
"flight_type":"Staged",
"stages":[{"ignores_gravity":true,
"ignores_LOS":true,
"stage_duration":2,
"stage_turn_rate":0,
"rotates_to_velocity":true},
{"ignores_gravity":true,
"ignores_LOS":true,
"stage_duration":0,
"stage_turn_rate":9500,
"stage_change_range":50,
"rotates_to_velocity":true},
{"ignores_gravity":false,
"ignores_LOS":false,
"stage_duration":0,
"stage_turn_rate":9000,
"rotates_to_velocity":true}]}