{"base_spec":"/pa/units/land/base_bot/base_bot.json",
"display_name":"Spartak",
"description":"!LOC:Sneaky - tp itself to the enemy before attacking.",
"max_health":160,
"build_metal_cost":130,
"attachable":{"offsets":{"root":[0,
0,
0],
"head":[0,
0,
7.4]}},
"unit_types":["UNITTYPE_Bot",
"UNITTYPE_Mobile",
"UNITTYPE_Heavy",
"UNITTYPE_Offense",
"UNITTYPE_Land",
"UNITTYPE_Basic",
"UNITTYPE_FactoryBuild",
"UNITTYPE_SelfDestruct"],
"wreckage_health_frac":0.0,
"guard_layer":"WL_AnySurface",
"navigation":{"type":"land-small",
"acceleration":140,
"brake":-1,
"move_speed":14,
"turn_speed":720,
"group_preference":"back"},
"transportable":{"size":1},
"physics":{"radius":2.0},
"recon":{"observer":{"items":[{"layer":"surface_and_air",
"channel":"sight",
"shape":"capsule",
"radius":120}]}},
"model":{"filename":"/pa/units/land/bot_tesla/bot_tesla.papa",
"animations":{"death":"/pa/units/land/bot_bomb/bot_bomb_anim_death01.papa",
"walk":"/pa/units/land/bot_tesla/bot_tesla_anim_walk.papa",
"idle":"/pa/units/land/bot_tesla/bot_tesla_anim_idle.papa"},
"animtree":"/pa/units/land/bot_tp/bot_tp_anim_tree.json",
"walk_speed":14},
"tools":[{"spec_id":"/pa/units/land/bot_tp/bot_tp_tool_weapon.json",
"aim_bone":"bone_turret",
"record_index":0,
"fire_event":"fired0",
"muzzle_bone":"socket_muzzle01"},
{"spec_id":"/pa/units/land/bot_tesla/bot_tesla_tool_weapon.json",
"aim_bone":"bone_pitch",
"record_index":1,
"fire_event":"fired1",
"muzzle_bone":["socket_leftMuzzle",
"socket_rightMuzzle"]}],
"events":{"build_complete":{"audio_cue":"/SE/Build_Complete/bot"},
"fired0":{"audio_cue":"/SE/Weapons/bot/sniper_fire",
"effect_spec":"/pa/effects/specs/tank_muzzle_flash.pfx socket_muzzle01"},
"fired1":{"audio_cue":"/SE/Weapons/bot/sniper_fire_anti_tac",
"effect_spec":"/pa/units/land/bot_sniper/bot_sniper_beam_flash.pfx socket_muzzle02"},
"died":{"audio_cue":"",
"effect_spec":"/pa/effects/specs/default_explosion_bot_t2.pfx",
"effect_scale":0.2}},
"audio":{"loops":{"move":{"cue":"/SE/Movement/bot/sniper_loop",
"flag":"vel_changed",
"should_start_func":"is_moving",
"should_stop_func":"is_not_moving"}},
"selection_response":{"cue":"/SE/Selection/bot/sniper"}},
"headlights":[{"gobo":"/pa/effects/textures/gobo/spotlight_gobo.papa",
"offset":[0.0,
-0.7,
0.0],
"orientation":[0.0,
35.0,
0.0],
"near_width":1.5,
"near_height":1.5,
"near_distance":1.0,
"far_distance":20.0,
"color":[0.75,
1.0,
1.0],
"intensity":1.4,
"bone":"bone_head"}],
"lamps":[{"offset":[0.0,
-0.6,
0.0],
"radius":1.0,
"color":[1.0,
1.0,
1.0],
"intensity":2.0,
"bone":"bone_head"},
{"offset":[2.0,
-0.9,
0.625],
"radius":1.5,
"color":[1.0,
1.0,
1.0],
"intensity":2.0,
"bone":"bone_weapon"}],
"selection_icon":{"diameter":11.0},
"mesh_bounds":[6.5,
7,
7.6],
"TEMP_texelinfo":5.32966}