{"base_spec":"/pa/tools/base_missile_tactical_turret/base_missile_tactical_turret.json",
"ammo_id":"/pa/units/land/tank_drone/tank_drone/tank_drone_ammo.json",
"ammo_source":"metal",
"ammo_capacity":180,
"ammo_demand":30,
"ammo_per_shot":30,
"rate_of_fire":1.2,
"max_range":200,
"yaw_rate":360,
"pitch_rate":360,
"yaw_range":180,
"pitch_range":45,
"firing_arc_yaw":5,
"firing_arc_pitch":45,
"spread_fire":true,
"auto_attack":true,
"target_layers":["WL_LandHorizontal",
"WL_WaterSurface",
"WL_Underwater",
"WL_SeaFloor"]}