{"base_spec":"/pa/units/land/base_vehicle/base_vehicle.json",
"display_name":"Tornado",
"description":"!LOC:Drone Tank - drones go brrrrrrrrrrrrrrrrrrrrrrrrr",
"max_health":1500,
"build_metal_cost":3200,
"energy_efficiency_requirement":0.9,
"attachable":{"offsets":{"root":[0,
0,
0],
"head":[0,
-0.5,
6.1]}},
"unit_types":["UNITTYPE_Tank",
"UNITTYPE_Heavy",
"UNITTYPE_Mobile",
"UNITTYPE_Offense",
"UNITTYPE_Land",
"UNITTYPE_Advanced",
"UNITTYPE_FactoryBuild"],
"transportable":{"size":1},
"guard_layer":"WL_AnySurface",
"navigation":{"type":"land-small",
"acceleration":100,
"brake":100,
"move_speed":10,
"turn_speed":180,
"group_preference":"front"},
"physics":{"radius":6},
"recon":{"observer":{"items":[{"layer":"surface_and_air",
"channel":"sight",
"shape":"capsule",
"radius":100},
{"layer":"surface_and_air",
"channel":"radar",
"shape":"capsule",
"radius":200,
"uses_energy":true}]}},
"model":{"filename":"/pa/units/land/tank_drone/tank_drone/tank_drone.papa",
"animtree":"/pa/anim/anim_trees/tank_armor_anim_tree.json"},
"nearby_target_tick_update_interval":5,
"tools":[{"spec_id":"/pa/units/land/tank_drone/tank_drone/tank_drone_tool_weapon.json",
"aim_bone":"bone_turret",
"muzzle_bone":"socket_muzzle"}],
"events":{"build_complete":{"audio_cue":"/SE/Build_Complete/veh"},
"fired":{"audio_cue":"/SE/Weapons/sea/drone_carrier_fire",
"effect_spec":"/pa/units/sea/drone_carrier/carrier/carrier_drone_launch.pfx bone_turret"},
"died":{"audio_cue":"/SE/Death/Veh",
"effect_spec":"/pa/effects/specs/default_explosion_bot_t2.pfx",
"effect_scale":1.25}},
"audio":{"loops":{"move":{"cue":"/SE/Movement/veh/tank_vagaurd_loop_T2",
"flag":"vel_changed",
"should_start_func":"is_moving",
"should_stop_func":"is_not_moving"}},
"scrolling_uv":{"scroll_rate":0.25,
"uv_split":0.9},
"selection_response":{"cue":"/SE/Selection/veh/tank_vagaurd_T2"}},
"selection_icon":{"diameter":14.0},
"TEMP_texelinfo":9.04444,
"mesh_bounds":[5.5,
6,
4.3]}