{
    "identifier": "com.pa.loloares.Thorosmen",
    "display_name": "Thorosmen",
    "description": "Adds high tier units to explore the exotic variety of annihilating options",
    "author": "Mr LOLO and ARES LORD",
    "signature": "not yet implemented",
    "forum": "https://drive.google.com/file/d/1tjw651BRz-66IH7vUklOVJy2UvXKK6k9/view?usp=sharing",
    "download": "https://drive.google.com/file/d/1tjw651BRz-66IH7vUklOVJy2UvXKK6k9/view?usp=sharing",
    "priority": 100,
    "icon": "https://imgur.com/1Kv1IFz.jpg",
    "titansOnly": true,
    "enabled": true,
    "category": [
        "balance",
        "addon",
        "unit",
        "titans"
    ],
    "scenes": {
        "shared_build": [
            "coui://ui/mods/loloares.thorosmen/shared_build.js"
        ],
        "icon_atlas": [
            "coui://ui/mods/loloares.thorosmen/icon_atlas.js"
        ]
    },
    "context": "server",
    "date": "2069-04-02",
    "build": "114823",
    "version": "1"
}