{
  "base_spec": "/pa/ammo/base_shell/base_shell.json",
  "model": {
    "filename": ""
  },
  "fx_trail": {
    "filename": "/pa/units/land/tank_hover/tank_hover_ammo_trail.pfx",
    "offset": [
      0.0,
      0.0,
      0.0
    ]
  },
  "damage": 125,
  "splash_damage": 0,
  "splash_radius": 0,
  "initial_velocity": 150.0,
  "max_velocity": 150.0,
  "lifetime": 2,
  "physics": {
    "add_to_spatial_db": true
  },
  "events": {
    "died": {
      "effect_spec": "/pa/units/land/tank_hover/tank_hover_ammo_hit.pfx"
    }
  }
}