{"base_spec":"/pa/ammo/base_bullet/base_bullet.json",
"damage":180,
"splash_damage":30,
"splash_radius":20,
"initial_velocity":1000.0,
"max_velocity":800.0,
"lifetime":5,
"physics":{"radius":1,"gravity_scalar":20,"add_to_spatial_db":false,"allow_underground":false},
"fx_trail":{"filename":"/pa/units/land/laser_defense_adv/laser_defense_adv_ammo_trail.pfx"},
"events":{"died":{"audio_cue":"/SE/Impacts/missile_artillery_short","effect_spec":"/pa/effects/specs/default_proj_flak_explosion.pfx"}}}
