{"base_spec":"/pa/units/land/base_structure/base_structure.json",
"display_name":"Maciota",
"description":"!LOC:High damage single shot weapon. Attacks orbital and air targets and intercepts drop pods. NEEDS TO BE CONTROLLED MANUALLY",
"max_health":2000,
"build_metal_cost":7000,
"atrophy_rate":29.16667,
"atrophy_cool_down":15.0,
"spawn_layers":"WL_AnyHorizontalGroundOrWaterSurface",
"area_build_type":"Sphere","area_build_separation":50,
"show_in_orbital_layer":false,
"unit_types":["UNITTYPE_Structure",
"UNITTYPE_Basic","UNITTYPE_Defense",
"UNITTYPE_OrbitalDefense","UNITTYPE_FabAdvBuild"],
"command_caps":["ORDER_Attack"],
"guard_layer":"WL_Orbital",
"recon":{"observer":{"items":[{"layer":"surface_and_air","channel":"sight","shape":"capsule","radius":100},
{"layer":"orbital","channel":"sight","shape":"capsule","radius":500},
{"layer":"underwater","channel":"sight","shape":"capsule","radius":100}]}},
"model":[{"layer":"WL_LandHorizontal",
"filename":"/pa/units/land/maciota/maciota.papa",
"animtree":"/pa/anim/anim_trees/ion_defense_anim_tree.json",
"skirt_decal":"/pa/effects/specs/skirt_ion_defense.json"},
{"layer":"WL_WaterSurface","filename":"/pa/units/sea/ion_defense/ion_defense.papa",
"animtree":"/pa/anim/anim_trees/ion_defense_anim_tree.json"}],

"tools":[{"spec_id":"/pa/units/land/maciota/maciota_tool_weapon.json",

"aim_bone":"bone_turret",
"record_index":0,
"fire_event":"fired0",
"muzzle_bone":["socket_muzzle01"]},{"spec_id":"/pa/units/orbital/ion_defense/ion_defense_tool_antidrop.json",
"aim_bone":"bone_turret","record_index":1,
"fire_event":"fired1",
"muzzle_bone":["socket_muzzle02","socket_muzzle03"]}],
"events":{"build_complete":{"audio_cue":"/SE/Build_Complete/structure_small"},
"fired0":{"audio_cue":"/SE/Weapons/orb/umbrella_laser_fire",
"effect_spec":"/pa/units/land/maciota/ion_defense_muzzle_flash.pfx socket_muzzle01"},
"fired1":{"audio_cue":"/SE/Weapons/orb/umbrella_mis_anti_unitcannon_fire"},
"died":{"audio_cue":"/SE/Death/structure_small","effect_scale":2.0}},
"lamps":[{"offset":[-8.0,8.0,4.22],"radius":5.0,"color":[1.0,1.0,1.0],
"intensity":5.75},{"offset":[2.8,-4.8,0],"radius":8.0,"color":[1.0,1.0,1.0],
"intensity":2.0,"bone":"bone_pitch"},{"offset":[-2.8,-4.8,0],
"radius":12.0,"color":[1.0,1.0,1.0],"intensity":2.0,"bone":"bone_pitch"}],
"selection_icon":{"diameter":40.0},"mesh_bounds":[20,21.6558,16.4],
"TEMP_texelinfo":32.1806,"physics":{"collision_layers":"WL_AnyHorizontalGroundOrWaterSurface"}}
