{"base_spec":"/pa/units/land/base_bot/base_bot.json",
"display_name":"Cube",
"description":"!LOC:Cube - repairs area when dying",
"max_health":5000,
"spawn_layers":"WL_LandHorizontal",
"build_metal_cost":4500,
"attachable":{"offsets":{"root":[0,
0,
0],
"head":[0,
0,
6.8]}},
"unit_types":["UNITTYPE_Bot",
"UNITTYPE_Mobile",
"UNITTYPE_Land",
"UNITTYPE_Advanced",
"UNITTYPE_FactoryBuild"],
"command_caps":["ORDER_Move",
"ORDER_Patrol",
"ORDER_Use"],
"transportable":{"size":1},
"guard_layer":"WL_LandHorizontal",
"navigation":{"type":"air",
"acceleration":90,
"brake":30,
"move_speed":90,
"turn_speed":270,
"bank_factor":10,
"vertical_speed":45,
"hover_time":-1.0},
"physics":{"radius":6,
"gravity_scalar":1},
"recon":{"observer":{"items":[{"layer":"surface_and_air",
"channel":"sight",
"shape":"capsule",
"radius":100},
{"layer":"underwater",
"channel":"sight",
"shape":"capsule",
"radius":100},
{"layer":"mine",
"channel":"sight",
"shape":"capsule",
"radius":100}]}},
"death_weapon": {
    "ground_ammo_spec": "/pa/units/land/cube/cube_death.json"
  },
"spawn_unit_on_death":"/pa/units/land/cube_repair/cube_repair.json",
"model":{"filename":"/pa/units/land/cube/cube.papa",
"animations":{"death01":"/pa/units/land/cube/cube_anim_death01.papa",
"idle":"/pa/units/land/cube/cube_anim_idle.papa",
"walk":"/pa/units/land/cube/cube_anim_run.papa"},
"animtree":"/pa/anim/anim_trees/fighter_adv_anim_tree.json"},
"walk_speed":20,
"arrows":5},
"events":{"build_complete":{"audio_cue":"/SE/Build_Complete/fab"},
"died":{"audio_cue":"/SE/Weapons/orb/orb_railgun_fire",
"effect_spec":"/pa/effects/specs/default_explosion_bot_t2.pfx",
"effect_scale":1.5}},
"fx_offsets":[
  {
      "bone": "bone_root",
      "filename": "/pa/units/land/cube/dust.pfx",
      "offset": [
        0,
        0,
        0
      ],
      "orientation": [
        0,
        0,
        0
      ],
      "type": "moving_forward"
    },
{"type": "idle",
"filename": "/pa/units/land/tank_shield/shield.pfx",
"bone": "bone_root",
"offset": [0,
0,
0],
"orientation": [0,
0,
0]},
{"type":"idle",
"filename":"/pa/effects/specs/hover_idle_01.pfx",
"bone":"bone_root",
"offset":[-5,
-1.9,
0.96],
"orientation":[0,
0,
-202.5]},
{"type":"idle",
"filename":"/pa/effects/specs/hover_idle_01.pfx",
"bone":"bone_root",
"offset":[5,
-1.9,
0.96],
"orientation":[0,
0,
22.5]},
{"type":"idle",
"filename":"/pa/effects/specs/hover_idle_01.pfx",
"bone":"bone_root",
"offset":[5,
2.14,
2.22],
"orientation":[0,
0,
-15]},
{"type":"idle",
"filename":"/pa/effects/specs/hover_idle_01.pfx",
"bone":"bone_root",
"offset":[-5,
2.14,
2.22],
"orientation":[0,
0,
195]}],
"audio":{"loops":{"build":{"cue":"/SE/Construction/Fab_contruction_beam_loop",
"move":{"cue":"/SE/Movement/air/air_fighter_loop",
"flag":"vel_changed",
"should_start_func":"is_moving",
"should_stop_func":"is_not_moving"}},
"selection_response":{"cue":"/SE/Selection/bot/T2_fab_combat"}},
"selection_icon":{"diameter":10.0},
"TEMP_texelinfo":6.38702,
"mesh_bounds":[4.4,
7.5,
10]}