{"base_spec":"/pa/units/land/base_bot/base_bot.json",
"display_name":"Pap",
"description":"Semi titan jammer unit. Has a built in radar and makes nearby units invisible to enemy radars. Durable",
"max_health":8300,
"build_metal_cost":11000,


"death_weapon":{"ground_ammo_spec":"/pa/units/land/pap/pap_ammo_death.json"},

"attachable":{"offsets":{"root":[0,0,0],"head":[0,0,5.3]}},
"unit_types":[
"UNITTYPE_Bot",
"UNITTYPE_Mobile",
"UNITTYPE_Offense",
"UNITTYPE_Land",
"UNITTYPE_Important",
"UNITTYPE_Advanced",
"UNITTYPE_Amphibious",
"UNITTYPE_FabAdvBuild",
"UNITTYPE_FabOrbBuild"],
"transportable":{"size":2},
"guard_layer":"WL_AnySurface",
"navigation":{"type":"amphibious",
"acceleration":50,
"brake":-1,
"move_speed":10,
"turn_speed":100},
"physics":{"radius":8.5},
"recon":{"observer":{"items":[{"layer":"surface_and_air",
"channel":"sight",
"shape":"capsule",
"radius":230},
{"layer":"surface_and_air","channel":"radar_jammer","shape":"capsule","radius":230,"uses_energy":true},
{"layer":"surface_and_air","channel":"radar","shape":"capsule","radius":500,"uses_energy":true},
{"layer":"underwater","channel":"sight","shape":"capsule","radius":85}]}},

"model":{"filename":"/pa/units/land/pap/pap.papa",
"animations":{"death01":"/pa/units/land/assault_bot_adv/assault_bot_adv_anim_death01.papa",
"walk":"/pa/units/commanders/quad_base/quad_base_anim_walk.papa",
"idle":"/pa/units/commanders/quad_base/quad_base_anim_idle.papa",
"aim_up":"/pa/units/commanders/quad_base/quad_base_anim_aimUp.papa",
"aim_down":"/pa/units/commanders/quad_base/quad_base_anim_aimDown.papa"},
"animtree":"/pa/anim/anim_trees/commander_quad_anim_tree.json","walk_speed":10},

"tools":[{"spec_id":"/pa/units/land/pap/weapon.json","aim_bone":"bone_turret","muzzle_bone":["socket_rightMuzzle","socket_leftMuzzle"]}],

"events":{"build_complete":{"audio_cue":"/SE/Build_Complete/bot"},
"fired":{"audio_cue":"/SE/Weapons/structure/laser_defense_ADV_fire",
"effect_spec":"/pa/effects/specs/default_small_muzzle_flash.pfx socket_rightMuzzle /pa/effects/specs/default_small_muzzle_flash.pfx socket_leftMuzzle"},
"died":{"audio_cue":"/SE/Death/Bot",
"effect_spec":"/pa/effects/specs/default_building_explosion_large.pfx",
"effect_scale":1.2}},
"audio":{"loops":{"move":{"cue":"/SE/Movement/bot/T2_assault_loop",
"flag":"vel_changed",
"should_start_func":"is_moving",
"should_stop_func":"is_not_moving"}},
"selection_response":{"cue":"/SE/Selection/bot/T2_assault"}},
"selection_icon":{"diameter":19.0},
"TEMP_texelinfo":6.39639,
"mesh_bounds":[9,4.5,6]}