{"base_spec":"/pa/units/land/base_bot/base_bot.json",
"display_name":"Pap",
"description":"!LOC:Semi titan jammer unit. Has a built in radar and makes nearby units invisible to enemy radars. Durable",
"max_health":8000,
"build_metal_cost":10000,
"atrophy_rate":200.0,
"atrophy_cool_down":15.0,
"wreckage_health_frac":0.7,
"guard_radius":100,
"has_death_effects":true,
"attachable":{"offsets":{"root":[0,0,0],"head":[0,0,3.5]}},
"unit_types":["UNITTYPE_Bot","UNITTYPE_RadarJammer","UNITTYPE_Mobile","UNITTYPE_Offense","UNITTYPE_Land","UNITTYPE_Advanced","UNITTYPE_Titan","UNITTYPE_Important","UNITTYPE_FabOrbBuild","UNITTYPE_Amphibious"],
"command_caps":["ORDER_Move","ORDER_Patrol","ORDER_Assist"],
"guard_layer":"WL_AnySurface",
"navigation":{"type":"amphibious-large",
"acceleration":260,
"brake":-1.0,
"move_speed":12,
"turn_speed":60,
"turn_accel":80,
"turn_in_place":true,
"park_stamp":{"shape":"sphere","cost":10,
"type_data":[{"move_type":"land-small","stamp_type":"structure"},
{"move_type":"amphibious","stamp_type":"structure"},
{"move_type":"amphibious-large","stamp_type":"simple"},
{"move_type":"hover","stamp_type":"structure"},
{"move_type":"water-hover","stamp_type":"structure"},
{"move_type":"hover-large","stamp_type":"simple"},{"move_type":"deepwater","stamp_type":"structure"},{"move_type":"underwater","stamp_type":"structure"}]}},
"physics":{"radius":10,"orient_interp_rate":60.0},
"recon":{"observer":{"items":[{"layer":"surface_and_air","channel":"sight","shape":"capsule","radius":230},

{"layer":"surface_and_air","channel":"radar_jammer","shape":"capsule","radius":230,"uses_energy":true},
{"layer":"surface_and_air","channel":"radar","shape":"capsule","radius":500,"uses_energy":true},

{"layer":"underwater",
"channel":"sight","shape":"capsule","radius":200}]}},

"death_weapon":{"ground_ammo_spec":"/pa/units/land/pap_ammo_death.json"},
"model":{"filename":"/pa/units/land/pap/pap.papa",

"animations":
{"walk":"/pa/units/commanders/quad_base/quad_base_anim_walk.papa",
"idle":"/pa/units/commanders/quad_base/quad_base_anim_idle.papa"},

"animtree":"/pa/anim/anim_trees/commander_quad_anim_tree.json","walk_speed":11},

"tools":[{}],

"attack_range_frac":0.3,"teleportable":null,"events":{"build_complete":{"audio_cue":"/SE/Build_Complete/Titan_Complete"},

"died":{"audio_cue":"/SE/Death/Bot",
"effect_spec":"/pa/effects/specs/default_building_explosion_large.pfx",
"effect_scale":1.2},

"fired":{"audio_cue":"","effect_spec":""},"died":{"audio_cue":"","effect_spec":"","effect_scale":1.0}},

"audio":{"loops":{"move":{"cue":"","flag":"vel_changed","should_start_func":"is_moving","should_stop_func":"is_not_moving"}},

"selection_response":{"cue":"/SE/Selection/titan/bot"}},"death":{"decals":["/pa/effects/specs/scorch_titan_01.json"]},

"selection_icon":{"diameter":34.0},"mesh_bounds":[25,20,33],"wreckage_mesh_bounds":[25,33,20],"TEMP_texelinfo":113.291}

