{
  "base_spec": "/pa/ammo/base_artillery/base_artillery.json",
  "damage": 400,
  "splash_damage": 400,
  "splash_radius": 15,
  "full_damage_splash_radius": 1,
  "splash_damages_allies": false,
  "initial_velocity": 200.0,
  "max_velocity": 200.0,
  "lifetime": 10,
  "fx_trail": {
    "filename": "/pa/units/land/tank_heavy_mortar/tank_heavy_mortar_ammo_trail.pfx",
    "offset": [
      0.0,
      1.0,
      0.0
    ]
  },
  "model": {
    "filename": "/pa/units/air/shell/shell.papa"
  },
  "audio_loop": "/SE/Movement/missile/tactical_missile_fly_loop",
  "physics": {
    "add_to_spatial_db": true
  },
  "events": {
    "died": {
      "effect_spec": "/pa/units/land/tank_heavy_mortar/tank_heavy_mortar_ammo_hit.pfx"
    }
  }
}