{"base_spec":"/pa/tools/base_missile_tactical_turret/base_missile_tactical_turret.json",
"ammo_id":"/pa/units/land/bot_white_hole/bot_white_hole_ammo.json",
"ammo_source":"energy",
"ammo_capacity":10,
"ammo_demand":2,
"ammo_per_shot":10,
"rate_of_fire":1.0,
"max_range":250,
"yaw_rate":180,
"pitch_rate":180,
"yaw_range":0,
"pitch_range":0,
"firing_arc_yaw":360,
"firing_arc_pitch":360,
"spread_fire":true,
"auto_attack":true,
"target_layers":["WL_LandHorizontal",
"WL_WaterSurface",
"WL_SeaFloor"]}