{"base_spec":"/pa/units/land/base_bot/base_bot.json",
"display_name":"Kamechamecha",
"description":"!LOC:Shoots white holes that keep enemy far away, Ideal for turtling",
"max_health":5000,
"build_metal_cost":8000,
"energy_efficiency_requirement":0.9,
"attachable":{"offsets":{"root":[0,
0,
0],
"head":[0,
-0.5,
6.1]}},
"unit_types":["UNITTYPE_Bot",
"UNITTYPE_Mobile",
"UNITTYPE_Offense",
"UNITTYPE_Land",
"UNITTYPE_Advanced",
"UNITTYPE_FactoryBuild"],
"transportable":{"size":1},
"guard_layer":"WL_AnySurface",
"navigation":{"type":"land-small",
"acceleration":100,
"brake":100,
"move_speed":10,
"turn_speed":180,
"group_preference":"front"},
"physics":{"radius":6},
"recon":{"observer":{"items":[{"layer":"surface_and_air",
"channel":"sight",
"shape":"capsule",
"radius":180}]}},
"model":{"filename":"/pa/units/land/bot_white_hole/bot_white_hole.papa",
"animations":{"walk":"/pa/units/commanders/quad_base/quad_base_anim_walk.papa"},
"animtree":"/pa/units/land/bot_white_hole/bot_white_hole_anim_tree.json",
"walk_speed":8},
"nearby_target_tick_update_interval":2,
"tools":[{"spec_id":"/pa/units/land/bot_white_hole/bot_white_hole_tool_weapon.json",
"aim_bone":"socket_muzzle",
"record_index":0,
"fire_event":"fired",
"muzzle_bone":["socket_muzzle"]}],
"events":{"build_complete":{"audio_cue":"/SE/Build_Complete/veh"},
"fired":{"audio_cue":"/SE/Weapons/orb/orb_railgun_fire",
"effect_spec":"/pa/units/sea/drone_carrier/carrier/carrier_drone_launch.pfx bone_root"},
"died":{"audio_cue":"/SE/Death/Veh",
"effect_spec":"/pa/effects/specs/default_explosion_bot_t2.pfx",
"effect_scale":1.2}},
"audio":{"loops":{"move":{"cue":"/SE/Movement/bot/Sub_Commander_move_loop",
"flag":"vel_changed",
"should_start_func":"is_moving",
"should_stop_func":"is_not_moving"}},
"selection_response":{"cue":"/SE/Selection/veh/tank_vagaurd_T2"}},
"selection_icon":{"diameter":14.0},
"TEMP_texelinfo":9.04444,
"mesh_bounds":[5.5,
6,
4.3]}