{"base_spec":"/pa/units/air/base_flyer/base_flyer.json",
"display_name":"Banana",
"description":"!LOC: Flying bananas are real",
"max_health":1200,
"build_metal_cost":2200,
"unit_types":["UNITTYPE_Fighter",
"UNITTYPE_Air",
"UNITTYPE_Mobile",
"UNITTYPE_Offense",
"UNITTYPE_Advanced",
"UNITTYPE_FactoryBuild"],
"guard_layer":"WL_Air",
"navigation":{"type":"air",
"acceleration":90,
"brake":30,
"move_speed":60,
"turn_speed":270,
"aggressive_distance":50.0,
"bank_factor":10,
"vertical_speed":45,
"hover_time":-1.0},
"physics":{"radius":6,
"gravity_scalar":1},
"recon":{"observer":{"items":[{"layer":"surface_and_air",
"channel":"sight",
"shape":"capsule",
"radius":150},
{"layer":"underwater",
"channel":"sight",
"shape":"capsule",
"radius":150}]}},
"model":{"filename":"/pa/units/sea/nuclear_sub/nuclear_sub.papa",
"animations":{"start":"/pa/units/sea/nuclear_sub/nuclear_sub_anim_start.papa",
"end":"/pa/units/sea/nuclear_sub/nuclear_sub_anim_end.papa"},
"animtree":"/pa/anim/anim_trees/nuclear_sub_anim_tree.json"},
"tools":[{"spec_id":"/pa/units/air/flying_submarine/flying_submarine_tool_weapon_missile.json",
"aim_bone":"socket_muzzle02",
"record_index":1,
"fire_event":"fired1",
"muzzle_bone":["socket_muzzle02",
"socket_muzzle03",
"socket_muzzle04",
"socket_muzzle05"]}],
"events":{"build_complete":{"audio_cue":"/SE/Build_Complete/sea"},
"fired1":{"audio_cue":"/SE/Weapons/sea/nuclear_sub_fire"},
"died":{"audio_cue":"/SE/Death/Sea_sub",
"effect_spec":"/pa/effects/specs/default_explosion_naval_sub_t2.pfx",
"effect_scale":0.9}},
"audio":{"loops":{"move":{"cue":"/SE/Movement/sea/nuclear_sub_loop",
"flag":"vel_changed",
"should_start_func":"is_moving",
"should_stop_func":"is_not_moving"}}},
"fx_offsets":[{"type":"moving_forward",
"filename":"/pa/units/sea/nuclear_sub/nuclear_sub_wake.pfx"},
{"type":"moving_forward",
"filename":"/pa/units/land/tank_nuke/tank_nuke_idle.pfx"},
{"type":"idle",
"filename":"/pa/units/air/fabrication_aircraft/fabrication_aircraft_jets.pfx",
"bone":"bone_pitch02",
"offset":[0,
0,
-1.686],
"orientation":[0,
90,
0]}],
"selection_icon":{"diameter":44.0},
"TEMP_texelinfo":16.0481}