{"base_spec":"/pa/tools/base_artillery_turret/base_artillery_turret.json",
"ammo_id":"/pa/units/land/white_hole/white_hole_pbaoe.json",
"ammo_source":"time",
"ammo_capacity":5,
"ammo_demand":1,
"ammo_per_shot":5,
"start_fully_charged":false,
"self_destruct":true,
"show_charging_bar":false,
"rate_of_fire":1.0,
"record_index": -1,
"max_range":0,
"yaw_rate":0,
"pitch_rate":0,
"yaw_range":0,
"pitch_range":0,
"firing_arc_yaw":360,
"firing_arc_pitch":360,
"auto_fire_when_charged":true,
"only_fire_once":true}