{"base_spec":"/pa/ammo/base_artillery/base_artillery.json",
"damage":20,
"splash_damage":20,
"splash_radius":10,
"full_damage_splash_radius":5,
"splash_damages_allies":false,
"initial_velocity":200.0,
"lifetime":0.01,
"influence_radius":900,
"physics":{"radius":1,
"gravity_scalar":10,
"add_to_spatial_db":false},
"model":{"filename":"/pa/units/air/shell_large/shell_large.papa"},
"offset":[0.0,
1.0,
0.0]},
"audio_loop":"/SE/Movement/missile/artillery_long_missile_fly_loop",
"events":{"died":{"audio_cue":"/SE/Impacts/missile_artillery_long_holkins",
"effect_spec":""}}}