{"base_spec":"/pa/units/land/base_bot/base_bot.json",
"display_name":"Atlas",
"description":"!LOC:Seismic Titan - Devastating damage to everything nearby. Amphibious. Attacks land, sea, and undersea targets.",
"max_health":50000,
"build_metal_cost":0,
"atrophy_rate":200.0,
"atrophy_cool_down":15.0,
"wreckage_health_frac":0.7,
"guard_radius":300,
"has_death_effects":true,
"attachable":{"offsets":{"root":[0,
0,
0],
"head":[0,
0,
3.5]}},
"unit_types":["UNITTYPE_Bot",
"UNITTYPE_Mobile",
"UNITTYPE_Offense",
"UNITTYPE_Land",
"UNITTYPE_Advanced",
"UNITTYPE_SelfDestruct",
"UNITTYPE_Amphibious"],
"transportable":{"size":2},
"command_caps":["ORDER_Move",
"ORDER_Patrol",
"ORDER_Attack",
"ORDER_Assist"],
"guard_layer":"WL_AnySurface",
"navigation":{"type":"amphibious-large",
"acceleration":260,
"brake":-1.0,
"move_speed":140,
"turn_speed":360,
"turn_accel":160,
"aggressive_distance":300.0,
"aggressive_height":100.0,
"turn_in_place":false,
"park_stamp":{"shape":"sphere",
"cost":10,
"type_data":[{"move_type":"land-small",
"stamp_type":"structure"},
{"move_type":"amphibious",
"stamp_type":"structure"},
{"move_type":"amphibious-large",
"stamp_type":"simple"},
{"move_type":"hover",
"stamp_type":"structure"},
{"move_type":"water-hover",
"stamp_type":"structure"},
{"move_type":"hover-large",
"stamp_type":"simple"},
{"move_type":"deepwater",
"stamp_type":"structure"},
{"move_type":"underwater",
"stamp_type":"structure"}]}},
"physics":{"radius":30,
"orient_interp_rate":0.0},
"recon":{"observer":{"items":[{"layer":"surface_and_air",
"channel":"sight",
"shape":"capsule",
"radius":200},
{"layer":"underwater",
"channel":"sight",
"shape":"capsule",
"radius":200}]}},
"model":{"filename":"/pa/units/land/white_hole/white_hole.papa"},
"attack_range_frac":0.3,
"teleportable":null,
"tools":[{"spec_id":"/pa/units/land/white_hole/white_hole_tool_weapon.json",
"aim_bone":"bone_root"}],
"fx_offsets":[
{"type":"idle",
"filename":"/pa/units/land/white_hole/black_hole.pfx",
"offset":[0,
0,
0]}],
"events":{"build_complete":{"audio_cue":"/SE/Build_Complete/Titan_Complete"},
"fired":{"audio_cue":"",
"effect_spec":""},
"died":{"audio_cue":"/SE/Death/Air",
"effect_spec":"/pa/units/land/white_hole/shockwave.pfx",
"effect_scale":1.5}},
"death":{"decals":["/pa/units/land/white_hole/shockwave.pfx"]},
"audio":{"loops":{"move":{"cue":"/SE/Movement/air/air_bomber_loop",
"flag":"vel_changed",
"should_start_func":"is_moving",
"should_stop_func":"is_not_moving"}},
"selection_response":{"cue":""}},
"selection_icon":{"diameter":68.0},
"mesh_bounds":[100,
80,
130],
"wreckage_mesh_bounds":[100,
130,
80],
"TEMP_texelinfo":113.291}