{"base_spec":"/pa/units/land/base_bot/base_bot.json",
"display_name":"Halabib",
"description":" - Long range AA laser bot. Durable. Yeah.",
"max_health":1000,
"build_metal_cost":2500,
"attachable":{"offsets":{"root":[0,0,0],"head":[0,0,5.3]}},
"unit_types":["UNITTYPE_Bot","UNITTYPE_Mobile","UNITTYPE_Offense",
"UNITTYPE_Land","UNITTYPE_Advanced",
"UNITTYPE_FactoryBuild",
"UNITTYPE_CannonBuildable",
"UNITTYPE_Amphibious"],
"transportable":{"size":2},
"guard_layer":"WL_AnySurface",
"navigation":{"type":"amphibious",
"acceleration":50,
"brake":-1,
"move_speed":13,
"turn_speed":720},
"physics":{"radius":5.5},
"recon":{"observer":{"items":[{"layer":"surface_and_air",
"channel":"sight",
"shape":"capsule",
"radius":120},
{"layer":"underwater","channel":"sight","shape":"capsule","radius":85}]}},

"model":{"filename":"/pa/units/land/halabib/halabib.papa",
"animations":{"death01":"/pa/units/land/assault_bot_adv/assault_bot_adv_anim_death01.papa",
"walk":"/pa/units/commanders/imperial_base/imperial_base_anim_walk.papa",
"idle":"/pa/units/commanders/imperial_base/imperial_base_anim_idle.papa",
"aim_up":"/pa/units/commanders/imperial_base/imperial_base_anim_aimUp.papa",
"aim_down":"/pa/units/commanders/imperial_base/imperial_base_anim_aimDown.papa"},
"animtree":"/pa/anim/anim_trees/commander_imperial_anim_tree.json","walk_speed":9.5},

"tools":[{"spec_id":"/pa/units/land/halabib/halabib_tool_weapon.json",
"aim_bone":"bone_turret","muzzle_bone":["olho"]}],

"events":{"build_complete":{"audio_cue":"/SE/Build_Complete/bot"},
"fired":{"audio_cue":"/SE/Weapons/structure/laser_defense_ADV_fire",
"effect_spec":"/pa/effects/specs/default_small_muzzle_flash.pfx olho /pa/effects/specs/default_small_muzzle_flash.pfx olho"},
"died":{"audio_cue":"/SE/Death/Bot",
"effect_spec":"/pa/effects/specs/default_explosion_bot_t2.pfx",
"effect_scale":3.0}},
"audio":{"loops":{"move":{"cue":"/SE/Movement/bot/T2_assault_loop",
"flag":"vel_changed",
"should_start_func":"is_moving",
"should_stop_func":"is_not_moving"}},
"selection_response":{"cue":"/SE/Selection/bot/T2_assault"}},
"selection_icon":{"diameter":16.0},
"TEMP_texelinfo":6.39639,
"mesh_bounds":[9,4.5,6]}