{"base_spec":"/pa/ammo/base_artillery/base_artillery.json",
"audio_loop":"/SE/Weapons/veh/vangaurd_fire",
"fx_trail":{"filename":"/pa/units/land/kinha/uber_proj_trail.pfx",
"offset":[0.0,0.8,0.0]},
"events":{"died":{"audio_cue":"/SE/Impacts/cannon_uber",
"effect_spec":"/pa/units/land/kinha/uber_proj_explosion.pfx"}},
"damage":2000,
"splash_damage":410,
"splash_radius":55,
"full_damage_splash_radius":10,
"lifetime":10,
"influence_radius":400,
"initial_velocity":50.0,
"burn_damage":200,
"burn_radius":15}