{"base_spec":"/pa/tools/base_artillery_turret/base_artillery_turret.json",
"ammo_id":"/pa/units/land/kinha/kinha_ammo.json",
"rate_of_fire":3.0,
"max_firing_velocity":150,
"min_firing_velocity":75,
"ammo_source":"energy",
"ammo_capacity":500,
"ammo_demand":60,
"ammo_per_shot":500,
"max_range":195,
"yaw_rate":20,
"pitch_rate":14,
"yaw_range":180,
"pitch_range":89.9,
"firing_arc_yaw":0,
"firing_arc_pitch":5,
"auto_attack":true,
"firing_standard_deviation":2.3,
"physics":{"radius":1,
"gravity_scalar":1.6,
"add_to_spatial_db":false},
"target_layers":["WL_LandHorizontal",
"WL_Seafloor",
"WL_WaterSurface",
"WL_Underwater"]}
