{"base_spec":"/pa/units/land/base_structure/base_structure.json",
"display_name":"Kinha",
"description":"!LOC:Plasma ball launcher. High damage, medium range. Attacks land and sea targets.",
"max_health":2600,
"build_metal_cost":2050,
"atrophy_rate":25,
"atrophy_cool_down":15.0,
"spawn_layers":"WL_AnyHorizontalGroundOrWaterSurface",
"alt_area_build_type":"Sphere",
"alt_area_build_pattern":[[0,0,0,0,0,0,0,0,0,0,0,0,0,0,0,0,0,0,0,0,0,0,0,0,0,0,0,1,1,0,0,0,0,0,0,0,0,0,0,0,0,0,0,0,0,0,0,0,0,0,0,0,0,0,0,0]],
"unit_types":["UNITTYPE_Structure","UNITTYPE_Artillery","UNITTYPE_Defense","UNITTYPE_FabBuild","UNITTYPE_Basic"],
"command_caps":["ORDER_Attack"],"guard_layer":"WL_AnySurface",
"recon":{"observer":{"items":[{"layer":"surface_and_air",
"channel":"sight",
"shape":"capsule",
"radius":100},
{"layer":"underwater",
"channel":"sight",
"shape":"capsule",
"radius":100}]}},
"model":[{"layer":"WL_LandHorizontal",
"filename":"/pa/units/land/kinha/artillery_unit_launcher.papa",
"animations":{"aim_up":"/pa/units/land/artillery_short/artillery_short_anim_aimUp.papa"},
"animtree":"/pa/anim/anim_trees/artillery_unit_launcher_anim_tree.json",
"skirt_decal":"/pa/effects/specs/skirt_artillery_short.json"},
{"layer":"WL_WaterSurface",
"filename":"/pa/units/land/artillery_unit_launcher/artillery_unit_launcher.papa",
"animations":{"aim_up":"/pa/units/sea/artillery_short/artillery_short_anim_aimUp.papa"},
"animtree":"/pa/anim/anim_trees/artillery_unit_launcher_anim_tree.json"}],
"nearby_target_tick_update_interval":15,
"tools":[{"spec_id":"/pa/units/land/kinha/kinha_tool_weapon.json",
"aim_bone":"socket_aim","muzzle_bone":"socket_muzzle"}],
"events":{"build_complete":{"audio_cue":"/SE/Build_Complete/structure_small"},
"fired":{"audio_cue":"/SE/Weapons/structure/artillery_short_fire",
"effect_spec":"/pa/units/land/kinha/artillery_unit_launcher_fire.pfx socket_muzzle"},
"died":{"audio_cue":"/SE/Death/structure_small","effect_scale":1.0}},
"audio":{"selection_response":{"cue":"/SE/Selection/structure/artillery"}},
"fx_offsets":[{"type":"energy",
"filename":"/pa/units/land/kinha/artillery_unit_launcher_idle.pfx","bone":"socket_muzzle",
"offset":[0,0,0]}],
"lamps":[{"offset":[0.0,-4.24,1.77],
"radius":1.75,"color":[1.0,1.0,1.0],
"intensity":2.0,"bone":"bone_pitch"}],
"selection_icon":{"diameter":31.0},
"mesh_bounds":[15,15,8.9],
"placement_size":[26,26],
"TEMP_texelinfo":12.901}