{"base_spec":"/pa/units/air/base_flyer/base_flyer.json",
"display_name":"Flying spider",
"description":"!LOC:Air Bomb Bot - Self destructs to deal very heavy damage over a nearby area. Extremely fast.",
"max_health":10,
"build_metal_cost":45,
"passive_health_regen":-1,
"nearby_target_tick_update_interval":3,
"unit_types":["UNITTYPE_Fighter",
"UNITTYPE_Air",
"UNITTYPE_Mobile",
"UNITTYPE_Offense",
"UNITTYPE_Basic",
"UNITTYPE_FactoryBuild"],
"guard_radius":350,
"guard_layer":"WL_Air",
"navigation":{"type":"air",
"acceleration":300,
"brake":30,
"move_speed":90,
"turn_speed":270,
"aggressive_distance":120.0,
"aggressive_height":120.0,
"bank_factor":10,
"vertical_speed":2000,
"hover_time":-1.0},
"physics":{"radius":6,
"gravity_scalar":1},
"recon":{"observer":{"items":[{"layer":"surface_and_air",
"channel":"sight",
"shape":"capsule",
"radius":150},
{"layer":"underwater",
"channel":"sight",
"shape":"capsule",
"radius":150}]}},
"model":{"filename":"/pa/units/land/bot_bomb/bot_bomb.papa",
"animations":{"death01":"/pa/units/land/bot_bomb/bot_bomb_anim_death01.papa",
"idle":"/pa/units/land/bot_bomb/bot_bomb_anim_idle.papa",
"walk":"/pa/units/land/bot_bomb/bot_bomb_anim_run.papa"},
"animtree":"/pa/anim/anim_trees/bot_bomb_anim_tree.json",
"nearby_target_tick_update_interval":15,
"walk_speed":40},
"tools":[{"spec_id":"/pa/units/air/boombot_air/boombot_air_tool_weapon.json",
"aim_bone":"bone_root",
"muzzle_bone":"bone_root"}],
"death_weapon":{"air_ammo_spec":"/pa/ammo/air_pbaoe/air_pbaoe.json"},
"events":{"build_complete":{"audio_cue":"/SE/Build_Complete/bot"},
"fired":{"audio_cue":""},
"died":{"audio_cue":"/SE/Death/Bot_bomb",
"effect_spec":"/pa/units/land/bot_bomb/bot_bomb_ammo_explosion.pfx",
"effect_scale":1.0}},
"audio":{"loops":{"move":{"cue":"/SE/Movement/bot/T2_bot_bomb_loop",
"flag":"vel_changed",
"should_start_func":"is_moving_laterally",
"should_stop_func":"is_not_moving"}},
"selection_response":{"cue":"/SE/Selection/bot/bot_bomb"}},
"fx_offsets":[{"type":"moving_forward",
"filename":"/pa/units/air/fighter/fighter_jets.pfx",
"offset":[0,
2.9,
0.836]}],
"selection_icon":{"diameter":9.0},
"TEMP_texelinfo":6.1803,
"mesh_bounds":[9,
6.5,
3.1]}