{"base_spec":"/pa/units/air/base_flyer/base_flyer.json",
"display_name":"Destroyair",
"description":"!LOC: A destroyer, but it flies, only attacks air",
"max_health":800,
"build_metal_cost":500,
"unit_types":["UNITTYPE_Fighter",
"UNITTYPE_Air",
"UNITTYPE_Mobile",
"UNITTYPE_Offense",
"UNITTYPE_Basic",
"UNITTYPE_FactoryBuild"],
"navigation":{"type":"air",
"acceleration":90,
"brake":30,
"move_speed":80,
"turn_speed":270,
"bank_factor":10,
"vertical_speed":45,
"hover_time":-1.0},
"physics":{"radius":6,
"gravity_scalar":1},
"recon":{"observer":{"items":[{"layer":"surface_and_air",
"channel":"sight",
"shape":"capsule",
"radius":200},
{"layer":"underwater",
"channel":"sight",
"shape":"capsule",
"radius":200}]}},
"model":{"filename":"/pa/units/sea/destroyer/destroyer.papa",
"animtree":"/pa/anim/anim_trees/destroyer_anim_tree.json"},
"nearby_target_tick_update_interval":15,
"tools":[{"spec_id":"/pa/units/air/destroyair/destroyair_tool_weapon.json",
"record_index":0,
"fire_event":"fired0",
"aim_bone":"bone_pitch01",
"projectiles_per_fire":2,
"muzzle_bone":["socket_leftMuzzle01",
"socket_rightMuzzle01"]},
{"spec_id":"/pa/units/air/destroyair/destroyair_tool_weapon.json",
"record_index":1,
"fire_event":"fired1",
"aim_bone":"bone_pitch02",
"projectiles_per_fire":2,
"muzzle_bone":["socket_leftMuzzle02",
"socket_rightMuzzle02"]}],
"events":{"build_complete":{"audio_cue":"/SE/Build_Complete/sea"},
"fired0":{"audio_cue":"/SE/Weapons/sea/destroyer_fire",
"effect_spec":"/pa/effects/specs/tank_muzzle_flash.pfx socket_rightMuzzle01 /pa/effects/specs/tank_muzzle_flash.pfx socket_leftMuzzle01",
"effect_scale":5.0},
"fired1":{"audio_cue":"/SE/Weapons/sea/destroyer_fire",
"effect_spec":"/pa/effects/specs/tank_muzzle_flash.pfx socket_rightMuzzle02 /pa/effects/specs/tank_muzzle_flash.pfx socket_leftMuzzle02",
"effect_scale":5.0},
"fired2":{"audio_cue":"/SE/Weapons/sea/torpedo_fire",
"effect_spec":"/pa/effects/specs/tank_muzzle_flash.pfx socket_torpedoMuzzle",
"effect_scale":5.0},
"died":{"audio_cue":"/SE/Death/Sea_large",
"effect_spec":"/pa/effects/specs/default_explosion_naval.pfx",
"effect_scale":1}},
"audio":{"loops":{"move":{"cue":"/SE/Movement/air/air_transport_loop",
"flag":"vel_changed",
"should_start_func":"is_moving",
"should_stop_func":"is_not_moving"}}},
"fx_offsets":[{"type":"moving_forward",
"filename":"/pa/units/land/tank_nuke/tank_nuke_idle.pfx",
"bone":"bone_pitch02"}],
"selection_icon":{"diameter":22.0},
"TEMP_texelinfo":22.1895}