{
  "base_spec": "/pa/ammo/base_bullet/base_bullet.json",
  "damage": 10,
  "splash_damage": 0,
  "splash_radius": 0,
  "initial_velocity": 130.0,
  "max_velocity": 130.0,
  "lifetime": 1.0,
  "model": null,
  "fx_trail": {
    "filename": "/pa/units/land/assault_bot/assault_bot_ammo_trail.pfx",
    "offset": [
      0.0,
      0.0,
      0.0
    ]
  },
  "physics": {
    "add_to_spatial_db": true
  },
  "events": {
    "died": {
      "effect_spec": "/pa/units/land/assault_bot/assault_bot_ammo_hit.pfx"
    }
  }
}