{"blend_root":{"type":"unit_state",
"nodes":{"being_built":{"type":"bind_pose"},
"living":{"type":"sequence",
"entries":[{"type":"sequence_entry",
"name":"idle",
"node":{"type":"playback",
"anim_name":"idle",
"looping":true},
"transitions":[{"transition_forward":{"func":"is_firing",
"target":"start"},
"transition_reverse":{"func":"is_firing",
"target":"end"}}]},
{"type":"sequence_entry",
"name":"start",
"node":{"type":"playback",
"anim_name":"start",
"looping":false},
"transitions":[{"transition_forward":{"func":"anim_complete",
"target":"end"},
"transition_reverse":{"func":"anim_complete",
"target":"idle"}}],
"reset":"playback_reset"},
{"type":"sequence_entry",
"name":"end",
"node":{"type":"playback",
"anim_name":"end",
"looping":false},
"transitions":[{"transition_forward":{"func":"anim_complete",
"target":"idle"},
"transition_reverse":{"func":"anim_complete",
"target":"start"}}],
"reset":"playback_reset"}],
"transition_seek":{"func":"fired1",
"true_target":"start",
"false_target":"idle"}},
"dead":{"type":"bind_pose"},
"ghost":{"type":"bind_pose"}}}}