{"base_spec":"/pa/units/land/base_vehicle/base_vehicle.json",
"display_name":"Toblerone",
"description":"!LOC:Mobile Anti Nuke - Protect your army from impending doom. Heavy, but flies somehow. Long and expensive reload time. Can carry one ammo.",
"build_metal_cost":15000,
"max_health":15000,
"armor_type":"AT_Hover",
"attachable":{"offsets":{"root":[0,
0,
0],
"head":[0,
-1.1,
9.2]}},
"unit_types":["UNITTYPE_Bot",
"UNITTYPE_Mobile",
"UNITTYPE_Defense",
"UNITTYPE_NukeDefense",
"UNITTYPE_Land",
"UNITTYPE_Hover",
"UNITTYPE_Advanced",
"UNITTYPE_FactoryBuild",
"UNITTYPE_Important"],
"transportable":{"size":1},
"guard_layer":"WL_AnySurface",
"navigation":{"type":"hover",
"acceleration":120,
"brake":20,
"move_speed":12,
"turn_speed":500,
"group_preference":"back"},
"physics":{"radius":3.5},
"recon":{"observer":{"items":[{"layer":"surface_and_air",
"channel":"sight",
"shape":"capsule",
"radius":150}]}},
"model":{"filename":"/pa/units/land/bot_anti_nuke/bot_anti_nuke.papa",
"animations":{"death01":"/pa/units/land/bot_tactical_missile/bot_tactical_missile_anim_death01.papa",
"run":"/pa/units/land/bot_anti_nuke/bot_anti_nuke_anim_loop.papa",
"start":"/pa/units/land/bot_anti_nuke/bot_anti_nuke_anim_fire.papa",
"end":"/pa/units/land/bot_anti_nuke/bot_anti_nuke_anim_close.papa",
"idle":"/pa/units/land/bot_anti_nuke/bot_anti_nuke_anim_loop.papa"},
"animtree":"/pa/units/land/bot_anti_nuke/bot_anti_nuke_anim_tree.json",
"walk_speed":12},
"nearby_target_tick_update_interval":3,
"tools":[{"spec_id":"/pa/units/land/bot_anti_nuke/bot_anti_nuke_tool_weapon.json",
"aim_bone":"bone_root",
"muzzle_bone":["bone_root",
"socket_leftMuzzle"]}],
"events":{"build_complete":{"audio_cue":"/SE/Build_Complete/bot"},
"fired":{"audio_cue":"/SE/Weapons/bot/bot_tactical_missile_fire",
"effect_spec":"/pa/effects/specs/default_muzzle_flash.pfx socket_leftMuzzle /pa/effects/specs/default_muzzle_flash.pfx bone_root"},
"died":{"audio_cue":"/SE/Death/Bot",
"effect_spec":"/pa/effects/specs/default_explosion_bot_t2.pfx",
"effect_scale":3.0}},
"fx_offsets":[{"type":"idle",
"filename":"/pa/units/land/bot_anti_nuke/fabrication_aircraft_adv_jets.pfx",
"bone":"bone_root",
"effect_scale":3.0,
"offset":[11.0,
-11,
6.0],
"orientation":[0,
90,
0]},
{"type":"idle",
"filename":"/pa/units/land/bot_anti_nuke/fabrication_aircraft_adv_jets.pfx",
"bone":"bone_root",
"effect_scale":3.0,
"offset":[11.0,
11,
6.0],
"orientation":[0,
90,
0]},
{"type":"idle",
"filename":"/pa/units/land/bot_anti_nuke/fabrication_aircraft_adv_jets.pfx",
"bone":"bone_root",
"effect_scale":3.0,
"offset":[-11.0,
11,
6.0],
"orientation":[0,
90,
0]},
{"type":"idle",
"filename":"/pa/units/land/bot_anti_nuke/fabrication_aircraft_adv_jets.pfx",
"bone":"bone_root",
"effect_scale":3.0,
"offset":[-11.0,
-11,
6.0],
"orientation":[0,
90,
0]},
{"bone": "bone_root",
"filename": "/pa/units/land/cube/dust.pfx",
"offset": [0,
0,
0],
"orientation": [0,
0,
0],
"type": "idle"},
{"type":"energy",
"filename":"/pa/units/land/bot_anti_nuke/bot_anti_nuke_on.pfx",
"bone":"bone_antenna",
"offset":[14.0,
0.0,
0.0],
"orientation":[-90,
0,
0]},
{"type":"energy",
"filename":"/pa/units/land/bot_anti_nuke/bot_anti_nuke_door_on.pfx",
"bone":"bone_door01"},
{"type":"energy",
"filename":"/pa/units/land/bot_anti_nuke/bot_anti_nuke_door_on.pfx",
"bone":"bone_door02"},
{"type":"energy",
"filename":"/pa/units/land/bot_anti_nuke/bot_anti_nuke_door_on.pfx",
"bone":"bone_door03"},
{"type":"energy",
"filename":"/pa/units/land/bot_anti_nuke/bot_anti_nuke_door_on.pfx",
"bone":"bone_door04"}],
"audio":{"loops":{"move":{"cue":"/SE/Movement/veh/tank_hover_loop",
"flag":"vel_changed",
"should_start_func":"is_moving",
"should_stop_func":"is_not_moving"}},
"selection_response":{"cue":"/SE/Selection/bot/tactical_missile_bot"}},
"selection_icon":{"diameter":36.0},
"TEMP_texelinfo":5.47132,
"mesh_bounds":[8.2,
7,
9.6]}