{"base_spec":"/pa/tools/base_missile_tactical_turret/base_missile_tactical_turret.json",
"tool_type":"TOOL_Weapon",
"ammo_id":"/pa/units/land/bot_anti_nuke/bot_anti_nuke_ammo.json",
"ammo_source":"metal",
"ammo_capacity":5000,
"ammo_demand":120,
"ammo_per_shot":5000,
"start_fully_charged":false,
"rate_of_fire":1.5,
"max_range":200,
"yaw_rate":0,
"pitch_rate":0,
"yaw_range":180,
"pitch_range":180,
"spread_fire":true,
"firing_arc_yaw":180,
"firing_arc_pitch":180,
"manual_fire":true,
"auto_attack":false,
"auto_task_type":"anti_entity",
"anti_entity_targets_units":false,
"anti_entity_targets":["/pa/units/land/nuke_launcher/nuke_launcher_ammo.json",
"/pa/units/land/artillery_nuke/artillery_nuke_ammo.json"],
"target_layers":["WL_Air",
"WL_Orbital"]}