{"blend_root":{"type":"unit_state","nodes":{"being_built":{"type":"bind_pose"},"living":{"type":"sequence","entries":[{"type":"sequence_entry","name":"idle","node":{"type":"bind_pose"},"transitions":[{"transition_forward":{"func":"has_energy","target":"build_start"},"transition_reverse":{"func":"has_energy","target":"build_end"}}]},{"type":"sequence_entry","name":"build_start","node":{"type":"playback","anim_name":"start","looping":false},"transitions":[{"transition_forward":{"func":"anim_complete","target":"build_loop"},"transition_reverse":{"func":"anim_complete","target":"idle"}}],"reset":"playback_reset"},{"type":"sequence_entry","name":"build_loop","node":{"type":"playback","anim_name":"loop","looping":true},"transitions":[{"transition_forward":{"func":"no_energy_and_anim_complete","target":"build_end"},"transition_reverse":{"func":"no_energy_and_anim_complete","target":"build_start"}}],"reset":"playback_reset"},{"type":"sequence_entry","name":"build_end","node":{"type":"playback","anim_name":"end","looping":false},"transitions":[{"transition_forward":{"func":"anim_complete","target":"idle"},"transition_reverse":{"func":"anim_complete","target":"build_loop"}}],"reset":"playback_reset"}],"transition_seek":{"func":"has_energy","true_target":"build_loop","false_target":"idle"}},"dead":{"type":"bind_pose"},"ghost":{"type":"bind_pose"}}}}