{"ammo_type":"PBAOE","damage":33000,"splash_damage":33000,"splash_radius":150,"full_damage_splash_radius":125,"splash_damages_allies":true,"sim_fire_effect":"/pa/units/land/nuke_launcher/nuke_launcher_ammo_explosion_ent.json","impact_decals":["/pa/effects/specs/nuke_scorch_01.json"],"burn_damage":200,"burn_radius":137,"damage_volume":{"initial_radius":20.0,"radius_velocity":200.0,"radius_accel":-40.0,"delay":1.5,"burnable_remove_radius":100.0},"armor_damage_map":{"AT_Orbital":0.33,"AT_Commander":0.33}}