{"base_spec":"/pa/ammo/base_artillery/base_artillery.json",
"has_notifications":true,
"damage":33000,
"splash_damage":33000,
"splash_radius":150,
"full_damage_splash_radius":125,
"splash_damages_allies":false,
"initial_velocity":200.0,
"lifetime":30,
"show_strategic_icon":true,
"interplanetary_type":"INTER_System",
"system_velocity_multiplier":20.0,
"gravwell_velocity_multiplier":10.0,
"show_in_orbital_layer":true,
"splash_damage_orbital":true,
"enable_orbital_shell":true,
"influence_radius":3200,
"physics":{"radius":1,
"gravity_scalar":10,
"add_to_spatial_db":true},
"burn_damage":200,
"burn_radius":137,
"influence_radius":3200,
"sim_impact_effect":"/pa/units/land/nuke_launcher/nuke_launcher_ammo_explosion_ent.json",
"impact_decals":["/pa/effects/specs/nuke_scorch_01.json"],
"signal_type":"nuke",
"damage_volume":{"initial_radius":20.0,
"radius_velocity":200.0,
"radius_accel":-40.0,
"delay":1.5,
"burnable_remove_radius":100.0},
"model":{"filename":"/pa/units/air/missile_nuke/missile_nuke.papa"},
"unit_types":["UNITTYPE_Mobile",
"UNITTYPE_Orbital",
"UNITTYPE_Interplanetary"],
"collision_check":"ground",
"fx_trail":{"filename":"/pa/units/air/missile_nuke/missile_nuke_trail.pfx",
"offset":[0.0,
12.0,
0.0]},
"armor_damage_map":{"AT_Commander":0.33,
"AT_Orbital":0.33},
"events":{"collided":{"audio_cue":"/SE/Impacts/missile_seeking",
"effect_spec":"/pa/units/air/missile_nuke/missile_nuke_implosion.pfx",
"effect_world_aligned":false}},
"audio_loop":"/SE/Movement/missile/artillery_long_missile_fly_loop",
"events":{"died":{"audio_cue":"/SE/Impacts/missile_seeking",
"effect_spec":"/pa/units/air/missile_nuke/missile_nuke_implosion.pfx"},
"recon":{"observable":{"always_visible":true}}}}