{"base_spec":"/pa/tools/base_artillery_turret/base_artillery_turret.json",
"ammo_id":"/pa/units/land/artillery_nuke/artillery_nuke_ammo.json",
"ammo_source":"energy",
"max_firing_velocity":10000,
"min_firing_velocity":10,
"arc_type":"ARC_high",
"firing_standard_deviation":2,
"rate_of_fire":0.07,
"ammo_capacity":37500,
"ammo_demand":2500,
"ammo_per_shot":37500,
"max_range":600,
"yaw_rate":10,
"pitch_rate":10,
"yaw_range":360,
"firing_arc_yaw":2,
"firing_arc_pitch":2,
"pitch_range":89,
"auto_attack":true,
"target_layers":["WL_LandHorizontal",
"WL_Seafloor",
"WL_WaterSurface",
"WL_Underwater"],
"target_priorities":["Commander",
"Titan & ( Land | Naval )",
"Artillery & Advanced & ( Land | Naval )",
"Nuke | NukeDefense"]}