{"base_spec":"/pa/ammo/base_missiles/base_missile_tactical.json","display_name":"!LOC:Stingray Tactical Missile","flight_type":"Staged","damage":1000,"splash_damage":0,"splash_radius":0,"initial_velocity":80.0,"max_velocity":80.0,"cruise_height":60,"turn_rate":0,"lifetime":60,"influence_radius":400,"physics":{"radius":1,"gravity_scalar":5,"ignore_gravity":true,"add_to_spatial_db":true},"stages":[{"ignores_gravity":true,"ignores_LOS":true,"stage_duration":100,"stage_turn_rate":0,"rotates_to_velocity":true},{"ignores_gravity":true,"ignores_LOS":true,"stage_duration":0,"stage_turn_rate":360,"stage_change_range":30,"rotates_to_velocity":true},{"ignores_gravity":false,"ignores_LOS":false,"stage_duration":5000,"stage_turn_rate":540,"rotates_to_velocity":true}],"events":{"died":{"effect_spec":"/pa/units/sea/battleship/battleship_hit.pfx"}},"audio_loop":"/SE/Movement/missile/missileship_fly_loop"}