{"base_spec":"/pa/units/land/base_vehicle/base_vehicle.json",
"display_name":"Daddy donut",
"description":"!LOC:Decoy flare hover donut - shoots harmless projectiles to mesmerize enemy units ",
"max_health":2000,
"build_metal_cost":1000,
"energy_efficiency_requirement":0.9,
"attachable":{"offsets":{"root":[0,
0,
0],
"head":[0,
-0.5,
6.1]}},
"unit_types":["UNITTYPE_Tank",
"UNITTYPE_Heavy",
"UNITTYPE_Mobile",
"UNITTYPE_Offense",
"UNITTYPE_Land",
"UNITTYPE_Advanced",
"UNITTYPE_FactoryBuild"],
"wreckage_health_frac":0.0,
"transportable":{"size":1},
"guard_layer":"WL_AnySurface",
"navigation":{"type":"land-small",
"acceleration":100,
"brake":100,
"move_speed":10,
"turn_speed":180,
"group_preference":"front"},
"physics":{"radius":6},
"recon":{"observer":{"items":[{"layer":"surface_and_air",
"channel":"sight",
"shape":"capsule",
"radius":100},
{"layer":"surface_and_air",
"channel":"radar",
"shape":"capsule",
"radius":260,
"uses_energy":true},
{"layer":"surface_and_air",
"channel":"radar_jammer",
"shape":"capsule",
"radius":50,
"uses_energy":true}]}},
"model":{"filename":"/pa/units/land/tank_decoy/tank_decoy.papa",
"animations":{"death01":"/pa/units/land/bot_tactical_missile/bot_tactical_missile_anim_death01.papa",
"run":"/pa/units/land/tank_decoy/tank_decoy_anim_fly.papa",
"start":"/pa/units/land/tank_decoy/tank_decoy_anim_fly.papa",
"end":"/pa/units/land/tank_decoy/tank_decoy_anim_fly.papa",
"idle":"/pa/units/land/tank_decoy/tank_decoy_anim_fly.papa"},
"animtree":"/pa/units/land/tank_decoy/tank_decoy_anim_tree.json","walk_speed":12},
"nearby_target_tick_update_interval":5,
"tools":[{"spec_id":"/pa/units/land/tank_decoy/tank_decoy_tool_weapon.json",
"aim_bone":"socket_muzzle",
"record_index":0,
"fire_event":"fired",
"muzzle_bone":["socket_muzzle"]}],
"events":{"build_complete":{"audio_cue":"/SE/Build_Complete/veh"},
"fired":{"audio_cue":"/SE/Weapons/air/carrier_drone_fire",
"effect_spec":""},
"died":{"audio_cue":"/SE/Death/Veh",
"effect_spec":"/pa/effects/specs/default_explosion_bot_t2.pfx",
"effect_scale":1.2}},
"fx_offsets":[{"type":"idle",
"filename":"/pa/units/land/bot_anti_nuke/fabrication_aircraft_adv_jets.pfx",
"bone":"bone_root",
"effect_scale":3.0,
"offset":[0.0,
0.0,
2.0],
"orientation":[0,
90,
0]},
{"bone": "bone_root",
"filename": "/pa/units/land/tank_decoy_little/dust.pfx",
"offset": [0,
0,
0],
"orientation": [0,
0,
0],
"type": "idle"}],
"audio":{"loops":{"move":{"cue":"/SE/Movement/veh/tank_hover_loop",
"flag":"vel_changed",
"should_start_func":"is_moving",
"should_stop_func":"is_not_moving"}},
"selection_response":{"cue":"/SE/Selection/veh/tank_hover"}},
"selection_icon":{"diameter":14.0},
"TEMP_texelinfo":9.04444,
"mesh_bounds":[5.5,
6,
4.3]}