{"base_spec":"/pa/ammo/base_shell/base_shell.json","audio_loop":"/SE/Weapons/veh/vangaurd_fire","fx_trail":{"filename":"/pa/effects/specs/uber_proj_trail.pfx","offset":[0.0,0.8,0.0]},"events":{"died":{"audio_cue":"/SE/Impacts/cannon_uber","effect_spec":"/pa/effects/specs/uber_proj_explosion.pfx"}},"flight_type":"Seeking","turn_rate":180,"damage":1000,"splash_damage":1000,"splash_radius":10,"full_damage_splash_radius":1,"lifetime":1,"initial_velocity":100.0,"max_velocity":100.0,"burn_damage":200,"burn_radius":15}