{"base_spec":"/pa/ammo/base_bullet/base_bullet.json",
"damage":1350,
"initial_velocity":500.0,
"splash_damage":130,
"splash_radius":40,
"max_velocity":450.0,
"lifetime":5,
"impact_decals":["/pa/effects/specs/scorch_b_01.json"],
"physics":{"radius":1,"gravity_scalar":20,"add_to_spatial_db":false,"allow_underground":false},
"fx_trail":{"filename":"/pa/units/orbital/defense_satellite/defense_satellite_ammo_orbital_beam.pfx"},
"events":{"died":{"audio_cue":"/SE/Impacts/missile_artillery_short","effect_spec":"/pa/effects/specs/default_building_explosion.pfx"}}}



