{"base_spec":"/pa/units/land/base_vehicle/base_vehicle.json",
"display_name":"Tanabe",
"description":"!LOC:Tanky Tank. Medium-long range, lots of health. Medium-high damage with a big damage area.",
"max_health":5410,
"build_metal_cost":5950,
"influence_radius":400,
"attachable":{"offsets":{"root":[0,0,0],"head":[0,0,3.1]}},
"unit_types":["UNITTYPE_Tank",
"UNITTYPE_Mobile",
"UNITTYPE_Offense",
"UNITTYPE_Land",
"UNITTYPE_Artillery",
"UNITTYPE_Advanced",
"UNITTYPE_FactoryBuild"],
"transportable":{"size":2},
"guard_layer":"WL_AnySurface",
"navigation":{"type":"land-small",
"acceleration":100,
"brake":80,
"nearby_target_tick_update_interval":15,
"move_speed":8,
"turn_speed":20,
"group_preference":"back"},
"physics":{"radius":10},
"recon":{"observer":{"items":[{"layer":"surface_and_air","channel":"sight","shape":"capsule","radius":100},
{"layer":"underwater","channel":"sight","shape":"capsule","radius":100}]}},
"model":{"filename":"/pa/units/land/prex/prex.papa","animtree":"/pa/anim/anim_trees/turret_anim_tree.json","arrows":5,


"animations":{"walk":"/pa/units/commanders/tank_base/tank_base_anim_walk.papa","walk_stop":"/pa/units/commanders/tank_base/tank_base_anim_walkStop.papa","idle":"/pa/units/commanders/tank_base/tank_base_anim_idle.papa","aim_up":"/pa/units/commanders/tank_base/tank_base_anim_aimUp.papa","aim_down":"/pa/units/commanders/tank_base/tank_base_anim_aimDown.papa"}},

"tools":[{"spec_id":"/pa/units/land/prex/prex_tool_weapon.json",
"aim_bone":"bone_spine",
"muzzle_bone":"bone_spine"}],
"events":{"build_complete":{"audio_cue":"/SE/Build_Complete/veh"},
"fired":{"audio_cue":"/SE/Weapons/veh/tank_T2_leveler"},
"died":{"audio_cue":"/SE/Death/structure_small","effect_spec":"/pa/effects/specs/default_building_explosion.pfx",
"effect_scale":1.3}},
"audio":{"loops":{"move":{"cue":"/SE/Movement/veh/tank_heavy_mortar_loop_sheller_T2","flag":"vel_changed",
"should_start_func":"is_moving","should_stop_func":"is_not_moving"}}},
"selection_icon":{"diameter":15.5},
"TEMP_texelinfo":9.31488,
"mesh_bounds":[7,7.5,3.8]}