{
    "blend_root": {
        "type": "unit_state",
        "nodes": {
            "being_built": {
                "type": "bind_pose"
            },
            "living": {
                "type": "walk",
                "node_idle": {
                    "type": "playback",
                    "anim_name": "idle"
                },
                "node_walk": {
                    "type": "bind_pose"
                }
            },
            "dead": {
                "type": "bind_pose"
            },
            "ghost": {
                "type": "bind_pose"
            }
        }
    },
    "skeleton_controls": [
        {
            "type": "fader",
            "lerp_func": "is_active",
            "child": {
                "type": "procedural_aim",
                "rotation_bone": "bone_pitch",
                "rotation_axis": "z"
            }
        }
    ]
}
}