{
    "ammo_source": "time",
    "auto_fire_when_charged": true,
    "start_fully_charged": true,
    "ammo_capacity": 10,
    "ammo_per_shot": 0.1,
    "rate_of_fire": 50,
    "ammo_id": "/pa/units/land/crusher/crush_ammo.json",
    "auto_attack": true,
    "firing_arc_pitch": 10,
    "firing_arc_yaw": 10,
    "idle_aim_delay": 0,
    "max_range": 45,
    "pitch_range": 60,
    "pitch_rate": 90,
    "target_layers": [
        "WL_LandHorizontal",
        "WL_WaterSurface"
    ],
    "tool_type": "TOOL_Weapon",
    "yaw_range": 10,
    "yaw_rate": 90
}