{"base_spec":"/pa/units/air/base_flyer/base_flyer.json",
"display_name":"Flying Potato",
"description":"!LOC: big balloon airship, shoots enormous amont of homing projectiles to land and air units, Slower than winter. Ideal for turtles",
"max_health":15000,
"build_metal_cost":15000,
"unit_types":["UNITTYPE_Fighter",
"UNITTYPE_Air",
"UNITTYPE_Mobile",
"UNITTYPE_Offense",
"UNITTYPE_Advanced",
"UNITTYPE_Titan",
"UNITTYPE_Important",
"UNITTYPE_FactoryBuild"],
"guard_layer":"WL_Air",
"navigation":{"type":"air",
"acceleration":5,
"brake":30,
"move_speed":8,
"turn_speed":30,
"dodge_radius":0,
"dodge_multiplier":0.0,
"aggressive_distance":50.0,
"aggressive_height":100.0,
"wobble_factor":0.05,
"wobble_speed":0.1,
"bank_factor":0.25},
"physics":{"radius":6,
"gravity_scalar":1},
"recon":{"observer":{"items":[{"layer":"surface_and_air",
"channel":"sight",
"shape":"capsule",
"radius":150},
{"layer":"underwater",
"channel":"sight",
"shape":"capsule",
"radius":150}]}},
"death_weapon":{"ground_ammo_spec":"/pa/units/air/airship/airship_ammo_death.json"},
"model":{"filename":"/pa/units/air/airship/airship.papa",
"animations":{"start":"/pa/units/air/airship/airship_anim_start.papa",
"end":"/pa/units/air/airship/airship_anim_end.papa"},
"animtree":"/pa/anim/anim_trees/nuclear_sub_anim_tree.json"},
"tools":[{"spec_id":"/pa/units/air/airship/airship_tool_weapon_missile.json",
"aim_bone":"bone_root",
"record_index":0,
"fire_event":"fired0",
"muzzle_bone":"bone_root"},
{"spec_id":"/pa/units/air/airship/airship_tool_weapon_missile.json",
"aim_bone":"socket_muzzle02",
"record_index":1,
"fire_event":"fired1",
"muzzle_bone":["bone_root",
"socket_muzzle02",
"socket_muzzle03",
"socket_muzzle04",
"socket_muzzle05"]},
{"spec_id":"/pa/units/air/airship/airship_tool_weapon_missile.json",
"aim_bone":"socket_muzzle03",
"record_index":2,
"fire_event":"fired0",
"muzzle_bone":["bone_root",
"socket_muzzle02",
"socket_muzzle03",
"socket_muzzle04",
"socket_muzzle05"]}],
"events":{"build_complete":{"audio_cue":"/SE/Build_Complete/sea"},
"fired0":{"audio_cue":"/SE/Weapons/sea/nuclear_sub_fire"},
"fired1":{"audio_cue":"/SE/Weapons/sea/nuclear_sub_fire"},
"fired2":{"audio_cue":"/SE/Weapons/sea/nuclear_sub_fire"},
"died":{"audio_cue":"/SE/Death/Sea_sub",
"effect_spec":"/pa/units/land/artillery_long/artillery_long_ammo_hit.pfx",
"effect_scale":2.5}},
"audio":{"loops":{"move":{"cue":"/SE/Movement/sea/nuclear_sub_loop",
"flag":"vel_changed",
"should_start_func":"is_moving",
"should_stop_func":"is_not_moving"}}},
"fx_offsets":[{"type":"moving_forward",
"filename":"/pa/units/sea/nuclear_sub/nuclear_sub_wake.pfx"},
{"type":"moving_forward",
"filename":"/pa/units/land/tank_nuke/tank_nuke_idle.pfx"},
{"type":"idle",
"filename":"/pa/units/air/fabrication_aircraft/fabrication_aircraft_jets.pfx",
"bone":"bone_pitch02",
"offset":[0,
0,
-1.686],
"orientation":[0,
90,
0]}],
"selection_icon":{"diameter":44.0},
"TEMP_texelinfo":16.0481}