{"base_spec":"/pa/ammo/base_missiles/base_missile_tactical.json",
"flight_type":"Staged",
"damage":80,
"splash_damage":40,
"splash_radius":20,
"full_damage_splash_radius":20,
"initial_velocity":140.0,
"max_velocity":140.0,
"cruise_height":-40,
"turn_rate":60,
"lifetime":4,
"influence_radius":400,
"stages":[{"ignores_gravity":true,
"ignores_LOS":true,
"stage_duration":100,
"stage_turn_rate":0,
"rotates_to_velocity":true},
{"ignores_gravity":true,
"ignores_LOS":true,
"stage_duration":0,
"stage_turn_rate":720,
"stage_change_range":30,
"rotates_to_velocity":true},
{"ignores_gravity":false,
"ignores_LOS":false,
"stage_duration":5000,
"stage_turn_rate":940,
"rotates_to_velocity":true}],
"events":{"died":{"effect_spec":"/pa/units/sea/battleship/battleship_hit.pfx"}},
"model":{"filename":"/pa/units/air/atoa_missile/atoa_missile.papa"}}