{"base_spec":"/pa/units/land/base_vehicle/base_vehicle.json",
"display_name":"Aegis",
"description":"!LOC:Moving shield - Basic regen shield vehicle",
"max_health":2000,
"build_metal_cost":5000,
"armor_type":"AT_Hover",
"attachable":{"offsets":{"root":[0,
0,
0],
"head":[0,
0,
4.3]}},
"unit_types":["UNITTYPE_Tank",
"UNITTYPE_Hover",
"UNITTYPE_Mobile",
"UNITTYPE_Offense",
"UNITTYPE_Land",
"UNITTYPE_Advanced",
"UNITTYPE_FactoryBuild"],
"transportable":{"size":1},
"guard_layer":"WL_AnySurface",
"navigation":{"type":"hover",
"acceleration":140,
"brake":140,
"move_speed":14,
"turn_speed":90,
"group_preference":"front"},
"physics":{"radius":8.5,"air_friction":0.5},
"recon":{"observer":{"items":[{"layer":"surface_and_air",
"channel":"sight",
"shape":"capsule",
"radius":100}]}},
"death_weapon": {
    "ground_ammo_spec": "/pa/units/land/tank_shield/l_shield_gen_death.json"
  },
"events": {
    "build_complete": {
      "audio_cue": "/SE/Build_Complete/barrier"
    },
    "died": {
      "audio_cue": "/SE/Death/barrier",
      "effect_scale": 1.25,
      "effect_spec": "/pa/effects/specs/default_explosion.pfx"
    },
    "fired": {
      "audio_cue": "/SE/Weapons/bot/sniper_fire_anti_tac",
      "effect_spec": "/pa/units/land/tank_shield/shield_hit.pfx bone_turret"
    }},
"model":{"filename":"/pa/units/land/torpedo_launcher/torpedo_launcher.papa",
"animations":{"idle":"/pa/units/sea/torpedo_launcher/torpedo_launcher_anim_idle.papa"},
"animtree":"/pa/anim/anim_trees/torpedo_launcher_anim_tree.json"},
"skirt_decal": "/pa/effects/specs/skirt_energy.json",
"tools":[{"spec_id":"/pa/units/sea/torpedo_launcher/torpedo_launcher_tool_weapon.json",
"aim_bone":"bone_turret",
"muzzle_bone":["socket_rightMuzzle",
"socket_leftMuzzle"]},
{"spec_id": "/pa/units/land/tank_shield/l_shield_gen_short_tool_weapon.json",
"aim_bone": "bone_turret",
"record_index": 0,
"show_range": true},
{"spec_id": "/pa/units/land/tank_shield/l_shield_gen_mid_tool_weapon.json",
"aim_bone": "bone_turret",
"record_index": 1,
"show_range": true},
{"spec_id": "/pa/units/land/tank_shield/l_shield_gen_long_tool_weapon.json",
"aim_bone": "bone_turret",
"record_index": 2,
"show_range": true}],
"recon":{"observer":{"items":[{"layer":"surface_and_air",
"channel":"sight",
"shape":"capsule",
"radius":100},
{"layer":"surface_and_air",
"channel":"radar",
"shape":"capsule",
"radius":200},
{"layer":"underwater",
"channel":"radar",
"shape":"capsule",
"radius":200},
{"layer":"underwater",
"channel":"sight",
"shape":"capsule",
"radius":100}]}},
"fx_offsets":[
{"type": "idle",
"filename": "/pa/units/land/tank_shield/shield.pfx",
"bone": "bone_root",
"offset": [0,
0,
0],
"orientation": [0,
0,
0]},
{"type":"idle",
"filename":"/pa/effects/specs/hover_idle_01.pfx",
"bone":"bone_root",
"offset":[-5,
-1.9,
0.96],
"orientation":[0,
0,
-202.5]},
{"type":"idle",
"filename":"/pa/effects/specs/hover_idle_01.pfx",
"bone":"bone_root",
"offset":[5,
-1.9,
0.96],
"orientation":[0,
0,
22.5]},
{"type":"idle",
"filename":"/pa/effects/specs/hover_idle_01.pfx",
"bone":"bone_root",
"offset":[5,
2.14,
2.22],
"orientation":[0,
0,
-15]},
{"type":"idle",
"filename":"/pa/effects/specs/hover_idle_01.pfx",
"bone":"bone_root",
"offset":[-5,
2.14,
2.22],
"orientation":[0,
0,
195]}],
"audio":{"loops":{"move":{"cue":"/SE/Movement/veh/tank_hover_loop",
"flag":"vel_changed",
"should_start_func":"is_moving",
"should_stop_func":"is_not_moving"}},
"selection_response":{"cue":"/SE/Selection/veh/tank_hover"}},
"headlights":[{"gobo":"/pa/effects/textures/gobo/spotlight_gobo.papa",
"offset":[1.8,
-2,
1.0],
"orientation":[0.0,
65.0,
0.0],
"near_width":2.0,
"near_height":2.0,
"near_distance":1.2,
"far_distance":20.0,
"color":[0.9,
0.92,
1.0],
"intensity":1.4},
{"gobo":"/pa/effects/textures/gobo/spotlight_gobo.papa",
"offset":[-1.8,
-2,
1.0],
"orientation":[0.0,
65.0,
0.0],
"near_width":2.0,
"near_height":2.0,
"near_distance":1.2,
"far_distance":20.0,
"color":[0.9,
0.92,
1.0],
"intensity":1.4}],
"selection_icon":{"diameter":20.0},
"mesh_bounds":[10,
10,
5],
"TEMP_texelinfo":10.4007}